,ASIN,product,brand,name,date,score,title,comment
0,B07P8SRBDY,リプトン コールドブリュー アールグレイ ティーバッグ 1袋(12パック入) ×3袋,リプトン,沙良,2020年9月26日,3.0,水だし3分、ルイボス、ピーチの香り。,私は結構好きだったのですが、旦那曰く後味が砂っぽい味がするとのこと。どんな味やねん！と思いつつ、やはり家族にウケが悪いのは使いにくいので星3つです。
1,B07P8SRBDY,リプトン コールドブリュー アールグレイ ティーバッグ 1袋(12パック入) ×3袋,リプトン,かおり,2020年8月30日,3.0,好きな味です,アールグレイを買いましたが、香りが強すぎました。お茶の味は全然しなくて、ただベルガモットの香りがついた水という感じです。カフェのアイスティーやカルディの紙パックアイスティーは大好きでアールグレイが苦手と思うことは今まで無かったのに、これは飲んだ瞬間に｢ウッ…｣となってそれ以上飲めませんでした。
2,B07P8SRBDY,リプトン コールドブリュー アールグレイ ティーバッグ 1袋(12パック入) ×3袋,リプトン,MARU,2021年3月22日,5.0,後味がお気に召さないよう,前はコストコで大容量のパックを買って、毎日これを作って職場で飲んでいたのですが、もうコストコに売ってなくてガッカリ。大容量じゃないけどAmazonで見つけたので買っちゃいました。基本甘い香りのするフレーバーティーとかって苦手なんですけど、これは緑茶とフルーツの香りがマッチしててとても好きです。緑茶とピーチとオレンジ！？って最初は全然想像つかなかったけど、すっきりしててすごくおいしいです。夏はヒエヒエのこのお茶を仕事なら合間に飲むとすごくすっきりほっとします。
3,B07P8SRBDY,リプトン コールドブリュー アールグレイ ティーバッグ 1袋(12パック入) ×3袋,リプトン,ムーンフィッシュ,2021年6月25日,5.0,まるで香水を飲んでるみたい,まだスーパーに売っていなかったので、早めに買えて助かりました。スッキリしていて色も濃すぎず水出し紅茶の中でこれが一番好きです。1個で280mlの水なのですが、500mlのマグボトルで400mlくらいで作って日常的に飲んでいます。ちょっと薄くなりますが、やさしい麦茶や爽健美茶的な薄さでグビグビ飲めます。3分で飲めるので作り忘れていてもすぐに飲めるのでオフィスも自宅もこれを置いています。1リットル用もあるみたいなので多めに作りたい人はそちらがいいかも^ ^
4,B07P8SRBDY,リプトン コールドブリュー アールグレイ ティーバッグ 1袋(12パック入) ×3袋,リプトン,コティロウ,2021年7月27日,5.0,大好きな味,前回あまりの美味しさにリピです。緑茶を爽やかに、ほんのりですがフルーティーにした感じです。ピーチオレンジの香りも味も正直全くしませんが、何故かめちゃくちゃ美味しいです。私は1リットル容器に3パック入れて数分でもうしっかり味があり、3パック入れるとほんのり渋みも感じるため更に美味しいです。主人もこれうまっ！と初めて飲み物を褒めてました！もったいないので、次作る時にその使い古した3パックと、新たに2パック追加して濃くして飲んでます。特選セールでお安く買えました。夏の間はリピしまくります！
5,B07P8SRBDY,リプトン コールドブリュー アールグレイ ティーバッグ 1袋(12パック入) ×3袋,リプトン,AREA_51,2021年5月10日,3.0,3分で出来てスッキリ美味しい♪,フルーツティーにはまっているが、これは去年とパケが若干変わっただけで味は同じでした。確かに普通のグリーンティよりはフレーバー感は感じますが、ピーチとかオレンジは書いてなかったら感じない。3個パックで水出しできて夏に買いやすい商品ですが、味がおしいかな？
6,B07P8SRBDY,リプトン コールドブリュー アールグレイ ティーバッグ 1袋(12パック入) ×3袋,リプトン,mio,2021年1月12日,5.0,とても爽やかで美味しいです,水だしアイスティー自体が種類が少ないので リプトンからだしてくれて助かります。他の会社のは ホットも水だし兼用とかで 水だしにすると色が全然でなかったりしますが リプトンの水だしアイスティーは ちゃんと色が出て 味も美味しいです😊ずっとこの製品を出し続けてほしいです。
7,B07P8SRBDY,リプトン コールドブリュー アールグレイ ティーバッグ 1袋(12パック入) ×3袋,リプトン,maru,2019年11月13日,1.0,ピーチ＆オレンジは？,アールグレイが好きで水出しアイスティで飲めると思って購入しました。開封した瞬間立ちのぼる香りが、まっったくありません。3袋セットでしたので全て開けましたが同様で香りはありません。ただのブラックティーです。賞味期限も2021年七月までとなっており、香りが抜けたとかでもないと思われます。(抜けたとしたらそれはそれで問題ですが)BLACK TEA with BERGAMOT とありますが、withoutにすべきでしょう。まあ、リピートはありませんねえ。ただのブラックティーならホットで入れて冷やせばいいし...
8,B07P8SRBDY,リプトン コールドブリュー アールグレイ ティーバッグ 1袋(12パック入) ×3袋,リプトン,BAL,2021年9月14日,3.0,簡単便利,好みが分かれる味だと思います。私はハーブティ系は好きですがこれはちょっと美味しいとは思えなかったです。原材料は緑茶、抹茶、香料です…。普通にハーブティ買えば良かった〜…あと一度うっかり1時間置いてしまったことがありましが、とてつもなく苦くなってしまうので置きすぎだけは気をつけてください★
9,B07P8SRBDY,リプトン コールドブリュー アールグレイ ティーバッグ 1袋(12パック入) ×3袋,リプトン,Amazon カスタマー,2020年8月4日,3.0,中途半端,アールグレイを購入しました。すぐに出てとても便利ですが、香りが全然しないです。
10,B07P8SRBDY,リプトン コールドブリュー アールグレイ ティーバッグ 1袋(12パック入) ×3袋,リプトン,かなぺ,2021年11月23日,5.0,好みが分かれる味,香りが気に入り季節を問わず一年中愛飲しています。あまり濃いとゴクゴク飲めないので、1ℓの水に一個入れているのですが、ティーパックの紅茶仕様でヒモと持ち手の紙がついているため、いちいち切って入れるのが面倒ですね。切らないで入れると、水が濁るような気がします。
11,B07P8SRBDY,リプトン コールドブリュー アールグレイ ティーバッグ 1袋(12パック入) ×3袋,リプトン,Amazon カスタマー,2021年4月27日,5.0,アールグレイの香りが…,美味しい夏はスーパーで買えますが、他の季節は買えないから助かりました。短時間でもちゃんと抽出されるし、水筒に朝から夜までパックを入れっぱでも苦くならない。
12,B07P8SRBDY,リプトン コールドブリュー アールグレイ ティーバッグ 1袋(12パック入) ×3袋,リプトン,梅しじみ,2021年9月20日,4.0,いい香り,紅茶系とこの緑茶系、両方愛飲していますが、苦味があるので苦手な方は避けた方が良いです。私個人的にはとても暑い日は苦味があってフルーティなこのお茶がスッキリして大好きです。ホットもいけるようなので、寒くなったらマイボトルで職場に持って行く予定です。
13,B07P8SRBDY,リプトン コールドブリュー アールグレイ ティーバッグ 1袋(12パック入) ×3袋,リプトン,名無し,2021年8月2日,5.0,美味しい,タンブラー附属の為に購入しました。また、お茶はコールドブリューが好きです。色々なフレーバーがセットで、それぞれ美味しく飲める飲み方を発見したいです。
14,B07P8SRBDY,リプトン コールドブリュー アールグレイ ティーバッグ 1袋(12パック入) ×3袋,リプトン,ルシーア・はにちゃん,2021年5月16日,5.0,苦味が苦手な方は紅茶にした方が良い,香りがとても良くて美味しいし、水に入れるだけで簡単にアイスティーが飲めるので夫婦で気に入っています。グリーンティーにタピオカを入れるのが好きなので簡単にお店のようなドリンクが作れるのもいいです。
15,B07P8SRBDY,リプトン コールドブリュー アールグレイ ティーバッグ 1袋(12パック入) ×3袋,リプトン,プ,2021年5月13日,5.0,コールドブリューしか勝たん,約1リットルの水にティーバッグ2個を入れておくだけで、おいしいフレーバー付きの緑茶が飲めるので重宝しています。冷蔵庫で一晩おいておくと緑茶の主張が強くなるので、２〜３時間でティーバッグを取り出しています。果物大好きな我が子は、普通の緑茶はあまり飲みませんが、これならごくごく飲んでくれます。
16,B07P8SRBDY,リプトン コールドブリュー アールグレイ ティーバッグ 1袋(12パック入) ×3袋,リプトン,らら,2021年5月27日,5.0,なじみやすいおいしさ！,味はとても爽やかでピーチとオレンジのいいとこ取りでした。水出しでも１０分もすると十分に風味が出てくれるので便利です。
17,B07P8SRBDY,リプトン コールドブリュー アールグレイ ティーバッグ 1袋(12パック入) ×3袋,リプトン,Amazon カスタマー,2020年10月8日,5.0,インチキ,以前 飲んで味か気に入り別のお店での再注文しました一般のお店にも売ってますが売り場で欠品していたりするので 簡単に頼めて 翌日配送されてとても重宝します今回は お値段も少し安くなっていたので 余計に 嬉しかったです。郵便受けに入れるために２つに分けての配送となったようです別に気にならない 包装でした
18,B07P8SRBDY,リプトン コールドブリュー アールグレイ ティーバッグ 1袋(12パック入) ×3袋,リプトン,Amazonカスタマー,2021年5月14日,3.0,爽やかで水出しでも十分すぐに出る。,水出しではないタイプで、お湯で入れて冷ましてましたが、水出しがあったので、便利かなと思い購入しました。同じリプトンだけど、味が違いますね。コールドじゃないほうが好みでした。涼しくなるまで我慢かなと。
19,B07P8SRBDY,リプトン コールドブリュー アールグレイ ティーバッグ 1袋(12パック入) ×3袋,リプトン,インディー,2021年1月10日,4.0,簡単便利に使える配送,楽だしすぐ味色出てくるし、すごく好みだけど、少し香り飛ぶのが早いかな。ても美味しいから、またリピしたいです！！
20,B07P8SRBDY,リプトン コールドブリュー アールグレイ ティーバッグ 1袋(12パック入) ×3袋,リプトン,norichan,2021年6月3日,5.0,味が濃いです。,味、個人的にはリピートレベル軽さ、なんの？？使いやすさ、Tバッグなので美味しい
21,B07P8SRBDY,リプトン コールドブリュー アールグレイ ティーバッグ 1袋(12パック入) ×3袋,リプトン,勅,2020年7月19日,5.0,美味しい😋……でも？,冷やす必要もなく、氷もいらず簡単にアイスティができるので重宝しています。去年はコストコで大袋で買い、その後見かけなくなっていたのでまた手に入って良かったです。
22,B07P8SRBDY,リプトン コールドブリュー アールグレイ ティーバッグ 1袋(12パック入) ×3袋,リプトン,loveben,2020年8月13日,4.0,水出し,夏場は定期便に登録して購入しています。美味しいし便利でとても気に入っています。ティーバックのサイズにバリエーションがあったらもっと嬉しいです。280mlと1L用のほかに500ml用があると最高です。毎朝職場にもっていく500ml水筒用に280ml用2つで作るのですが、ちょっともったいない。500ml一つで作れたらいいなーと思います。
23,B07P8SRBDY,リプトン コールドブリュー アールグレイ ティーバッグ 1袋(12パック入) ×3袋,リプトン,かにかま,2020年6月26日,4.0,美味しい,緑茶の清涼感と程よいピーチフレーバーで手軽にリフレッシュできる。オレンジは後から感じる。できれば１袋単位で購入したい。
24,B07P8SRBDY,リプトン コールドブリュー アールグレイ ティーバッグ 1袋(12パック入) ×3袋,リプトン,ねこだいすきまん,2020年10月16日,5.0,飲めません…,既に店頭には並んでおらず大好きな商品なので購入できて助かりました。リピートさせていただきます。
25,B07P8SRBDY,リプトン コールドブリュー アールグレイ ティーバッグ 1袋(12パック入) ×3袋,リプトン,ぶんぶん,2020年4月1日,5.0,ごくごく飲める味❗簡単に作れる,リプトンイエローラベルよりも味がスッキリしてて美味しい。2リットルに１つ使って飲んでます。割りと濃いめなので十分味が出ます。
26,B07P8SRBDY,リプトン コールドブリュー アールグレイ ティーバッグ 1袋(12パック入) ×3袋,リプトン,おとうふ,2019年9月5日,4.0,リプトン水出し紅茶,小さいながらもきちんと味がでます。水筒に入れて、職場に着く頃には美味しい水出し紅茶が出来ていてありがたいです！茶殻も美味しく頂いています！
27,B07P8SRBDY,リプトン コールドブリュー アールグレイ ティーバッグ 1袋(12パック入) ×3袋,リプトン,Amazonカスタマー,2020年12月12日,4.0,スッキリした後味,とても美味しくて気に入っています。
28,B07P8SRBDY,リプトン コールドブリュー アールグレイ ティーバッグ 1袋(12パック入) ×3袋,リプトン,近藤塾長,2021年10月3日,5.0,きちんと味が出ると思う,水出しですぐ出るので、店飲み干してしまっても、すぐ次が作れますし、後味の良さと爽やかな香りが暑い季節にはピッタリでした。
29,B07P8SRBDY,リプトン コールドブリュー アールグレイ ティーバッグ 1袋(12パック入) ×3袋,リプトン,カメ,2021年4月8日,5.0,美味しいです。,香りも良く、美味しいです。すごく気に入りました。
30,B07P8SRBDY,リプトン コールドブリュー アールグレイ ティーバッグ 1袋(12パック入) ×3袋,リプトン,MS-07B,2020年6月28日,5.0,さっぱりとした後味,口コミがよく、タイムセールでお安くなっていたので、購入しました。癖がなく、ほのかに桃の香りがして美味しいです。すぐに水出しで飲めるので便利です。
31,B07P8SRBDY,リプトン コールドブリュー アールグレイ ティーバッグ 1袋(12パック入) ×3袋,リプトン,シュエット,2020年5月28日,5.0,美味しい,グリーンティーの味とピーチの香りがとても良く、ホットでもアイスでも美味しく、今1番のお気に入りです。近くのお店では見かけなかったのでこちらで購入できて助かりました。
32,B07P8SRBDY,リプトン コールドブリュー アールグレイ ティーバッグ 1袋(12パック入) ×3袋,リプトン,いちはは,2021年8月22日,5.0,廃盤にならないで欲しい！,グラスに入れてミネラルウォーターを注ぎ、冷蔵庫で冷やして飲んでいます。夏は特においしいです。
33,B07P8SRBDY,リプトン コールドブリュー アールグレイ ティーバッグ 1袋(12パック入) ×3袋,リプトン,SUZAN京都,2021年7月18日,3.0,スッキリして凄く美味しい,メーカー品で安心。これから暑くなるので水出し3分で飲めるのはありがたいです。届いて直ぐ作り冷蔵庫に入れました。果物の香りが良いですね。
34,B07P8SRBDY,リプトン コールドブリュー アールグレイ ティーバッグ 1袋(12パック入) ×3袋,リプトン,T．T,2021年4月16日,4.0,さわやかでおいしい,香り､味わいが好きです。ホットも良いがコレも良い。
35,B07P8SRBDY,リプトン コールドブリュー アールグレイ ティーバッグ 1袋(12パック入) ×3袋,リプトン,斬九郎,2021年10月24日,5.0,水出し3分はこの時期にありがたい。,安く買えたのでよかったです
36,B07P8SRBDY,リプトン コールドブリュー アールグレイ ティーバッグ 1袋(12パック入) ×3袋,リプトン,tomosan,2021年3月15日,5.0,冷たい物を手頃に早くが良い,知り合いに勧められて購入しました。冬でも水の代わりに飲めるし、なんと言っても味がいい。
37,B07P8SRBDY,リプトン コールドブリュー アールグレイ ティーバッグ 1袋(12パック入) ×3袋,リプトン,花,2021年7月19日,5.0,美味しかった,500mlの水筒で、ちょうどいい濃さになります。氷を、足しながら、1日飲めるので、リーズナブルで、気に入っています❤️
38,B07P8SRBDY,リプトン コールドブリュー アールグレイ ティーバッグ 1袋(12パック入) ×3袋,リプトン,kankun,2020年8月27日,5.0,美味しい,フルーツティですが緑茶バージョンなので、ダージリンとかアールグレイほどイヤミがなくスッキリ飲める。とくにピーチ🍑が旨み
39,B07P8SRBDY,リプトン コールドブリュー アールグレイ ティーバッグ 1袋(12パック入) ×3袋,リプトン,にゃお,2020年6月18日,5.0,お気に入り,簡単で美味しく飲めて最高です。
40,B07P8SRBDY,リプトン コールドブリュー アールグレイ ティーバッグ 1袋(12パック入) ×3袋,リプトン,Yamasan,2020年6月21日,5.0,オシャレな味,本当に美味しい！
41,B07P8SRBDY,リプトン コールドブリュー アールグレイ ティーバッグ 1袋(12パック入) ×3袋,リプトン,平澤美知子,2021年3月13日,5.0,お茶のように飲める。,昨年の夏に、何気なくスーパーで購入して緑茶の味にフルーティーが気に入りました！今は店頭に無いのでこちらで購入しました！
42,B07P8SRBDY,リプトン コールドブリュー アールグレイ ティーバッグ 1袋(12パック入) ×3袋,リプトン,ゆんく,2019年8月18日,5.0,飲みやすい。美味しい。毎日でも飽きない,安くて・簡単・美味しい....我が家の夏のお茶はコレです。
43,B07P8SRBDY,リプトン コールドブリュー アールグレイ ティーバッグ 1袋(12パック入) ×3袋,リプトン,はるらい,2021年10月11日,5.0,美味しい！,緑茶にフレーバー美味しいです！気に入って毎日飲んでます！
44,B07P8SRBDY,リプトン コールドブリュー アールグレイ ティーバッグ 1袋(12パック入) ×3袋,リプトン,MamachanZ,2020年5月29日,5.0,夏の定番,なかなか売っていない水だし紅茶すぐ水に馴染んで飲めるので便利。
45,B07P8SRBDY,リプトン コールドブリュー アールグレイ ティーバッグ 1袋(12パック入) ×3袋,リプトン,テルチン,2020年8月13日,5.0,緑茶にフレーバー,あっと言う間に出来るし、フレイバーも良いので、購入して良かったです。
46,B07P8SRBDY,リプトン コールドブリュー アールグレイ ティーバッグ 1袋(12パック入) ×3袋,リプトン,@双子のママ,2020年5月6日,5.0,常に冷蔵庫に作り置きしてます。,水出しで毎日飲んでます
47,B07P8SRBDY,リプトン コールドブリュー アールグレイ ティーバッグ 1袋(12パック入) ×3袋,リプトン,小川直美,2020年8月1日,5.0,フレイバー最高！,おいしい！風味がいい！
48,B07P8SRBDY,リプトン コールドブリュー アールグレイ ティーバッグ 1袋(12パック入) ×3袋,リプトン,mariko,2020年5月9日,4.0,美味しい,■　どんな商品？水出し用のルイボスティーのティーバッグです。バッグ1つにつき280mlのルイボスティーを作れます。3分水に付けておいて、取り出す際に5回揺らして…それで完成です。■　良かった点・手軽作り方は前述の通り3分水に浸けて、取り出す前に数回揺らすだけ。これくらいなら出勤前の朝食、急な来客といった場合でもすぐに作れます。なお、お湯の場合は数十秒で良いので更に便利です。■　気になった点・やや薄味？これは好みだと思いますが、個人的にはやや薄めに感じました。3分で確かに十分な味が楽しめますが、実際には4～5分くらいにした方が味はしっかりします。・微妙な280ml指定の水の量である280mlという容器が余り身の回りにありません。マグボトルに多い500mlや200mlくらいに合わせてくれれば、持ち歩きにも便利が良いなと思いました。
49,B07P8SRBDY,リプトン コールドブリュー アールグレイ ティーバッグ 1袋(12パック入) ×3袋,リプトン,Amazon カスタマー,2020年4月4日,2.0,最高に美味い!!!,ティーバッグ1つを1リットルの水道水に入れて作ってみました。季節的に水温が低いのを考慮して通常より長い30分抽出してみましたが、出来上がった物は桃の香りがするもののお茶の味は殆どしない単なるフレーバーウォーターでした。仕方が無いのでティーバッグを更に1つ加えて更に30分置いたところ、取り敢えず飲める物にはなっていましたがやはり薄いです。その後、試しにお湯で淹れたところそれなりに美味しくなったのでやはりお茶はお湯で淹れる物だと再認識しました。
50,B07P8SRBDY,リプトン コールドブリュー アールグレイ ティーバッグ 1袋(12パック入) ×3袋,リプトン,スキニャン,2020年4月5日,5.0,水出しでもすぐに作れる,水出し専用、フルーツ風味の緑茶ティーバッグです、おいしいです。水を注いで出すと、割とすぐに淡い爽やかな風味の緑茶が出ます。水出し緑茶は氷で入れると特に甘みが出ておいしいですが、これはフレーバーがしっかりしているので、普通に水を注ぐだけでもおいしく出ます。でも今度、氷で試してみようとは思ってますが。ピーチとオレンジを緑茶と合わせるところも趣味がいい。お茶の属性に何が合うかよくわかったプロセレクト。ピーチは特に緑茶と合います。これは例えば無印良品とか他のメーカーさんでも合わせているので、お茶好きな人はわりとわかっているとは思うのですが、この組み合わせおいしい。そしてこのところリプトンさんが押してるフルーツインティの作り方も後ろに書かれてます。毎年、リプトンさんが出してるプラボトルを買おうかどうかなやんで３年目くらいなのですが、今年こそはお布施と自分の気持ちをあげるためにプラボトルが出たら買っちゃおうかなと思いました。爽やかな味で、おいしくておすすめのお茶です。
51,B07P8SRBDY,リプトン コールドブリュー アールグレイ ティーバッグ 1袋(12パック入) ×3袋,リプトン,アークトゥルス,2020年4月12日,5.0,薄い,職場に300～500mlのステンレスボトルを持っていっているのですが、そこで使用しました。水出しですので、ティーバッグを入れて水を加えるだけ、と、手軽で、朝の忙しい時間でも簡単に作れます。300mlのボトルの時には１パック、500mlのボトルの時には2パックを入れています。「常温の水で約3分。ホットの場合は約30秒程度で取り出してください。」 ということですが、300mlのボトルの時には、ボトルにティーバッグを入れて、そのまま持っていってしまうこともあります。ティーバックですから紅茶だと思って入手しましたけど、グリーンティーでした。冷たいお茶ですと渋そうですけど、苦味渋みはなく飲みやすいです。甘い香りです。コールドブリューシリーズには、種類がありますので、日によって変えてもいいかも知れませんね。
52,B07P8SRBDY,リプトン コールドブリュー アールグレイ ティーバッグ 1袋(12パック入) ×3袋,リプトン,clover,2020年4月25日,4.0,今年もおいしいコールドブリューフルーツテイストアイスティ,粉のでレモングリーンティというのが気に入っていたので、期待していました。ようするに緑茶にフルーティな風味が入っているものです。緑茶といっても渋みは無く、それも水出しなので、これが意外に良い感じです。とはいえ、水出し３分だけは、ちょっとムリです。５００ミリのボトルに２つ入れて一晩、冷蔵庫で寝かすくらいで、ちょうどうまく出ます。粉のは砂糖がかなり大量に入っていますが、このティーバッグだと、砂糖抜きなので、自分でオリゴ糖などで甘さを調整できます。もちろん甘さ抜きでも、これからの季節、爽やかな味として、とても良いと思いました。
53,B07P8SRBDY,リプトン コールドブリュー アールグレイ ティーバッグ 1袋(12パック入) ×3袋,リプトン,makip,2020年4月13日,4.0,おいしくいただきます,冷水でも抽出できるグリーンティのティーバッグです。バッグの形状は平型ではなく、立体的な三角錐型。バッグ一つに対して水280mlを注ぐとされています。抽出時間は常温水で3分程度、冷水は数分長め、ホットは30秒程度と記されているのですが、アマゾンの商品説明では「23分後と」なっています。2、3分或いは2～3分と記すべきところを誤記したのでしょう。実際に冷水を注ぎ、ちょっと長めにと思っているうちに10分程経ってしまいました。見た目は、ややにごり感のある緑茶という印象ながら、甘い桃の香りがします。そして一飲んでみると、確かにお茶の味がします。但し緑茶というよりはグリーンティと表したほうが感覚的にはあっているような、軽い味わいです。抽出時間が長かったせいか微妙に渋い苦みがあるものの、同時に微かに甘みも感じられて、お茶でありながらも清涼飲料のような感覚もあります。桃の香りで緑茶の味わい、、なんとも不思議な感覚です。なお、お好みでフルーツシロップを加えて下さいとも記されていますが、個人的にはシロップのはっきりした甘さを加えるよりも、自然の甘みのままのほうが合っていると思いました。
54,B07P8SRBDY,リプトン コールドブリュー アールグレイ ティーバッグ 1袋(12パック入) ×3袋,リプトン,Amazonカスタマー,2019年7月14日,5.0,新しい爽やかな味,美味しいのはもちろん、水出し3分と早いのが良いです。時間がかかると取り出すのを忘れてしまうので…紐がついているのも取り出しやすいし、下に沈まず満遍なく抽出されるので、どのくらいの抽出加減かすぐ分かります。リプトンのペットボトルのアイスティーは味が薄くて水みたいなので買う前はちょっと心配でしたが、これは全然別モノの美味しさでした。
55,B07P8SRBDY,リプトン コールドブリュー アールグレイ ティーバッグ 1袋(12パック入) ×3袋,リプトン,-mo-,2020年5月10日,3.0,桃の香りで緑茶の味,不味くはないんですが微妙な味わいです。薄めの緑茶にピーチの香りがフワッと香る感じでまさに原材料に書いてある「緑茶・抹茶・香料」です。抹茶はほんの少しだと思います。オレンジはそんなに感じなくてピーチですね。水出しで3分程度で飲める点はとても便利だと思います。ただ、これも水の温度によるのかもしれませんが、もう少し時間を掛けた方が味が濃くなって良かったと思います。
56,B07P8SRBDY,リプトン コールドブリュー アールグレイ ティーバッグ 1袋(12パック入) ×3袋,リプトン,echo,2020年4月3日,4.0,はやい美味しい色もきれい。1杯280cc,桃の香りがフルーティでほんのり甘みを感じます。水出しでルイボス茶のクセは少ないのでスッキリ飲みやすく苦手な人でも美味しく飲めると思います。280mlの常温の水をカップに入れてティーバッグ1つを使います。常温の水でも紅茶のように美味しそうな色のお茶になります。ためしに水出し後の出がらしをお湯でいれてみると、普通のルイボスの香りが強いお茶になり2度楽しめました。原材料はルイボス茶、紅茶、香料のみで砂糖や甘味料など含まれず、0カロリーです。
57,B07P8SRBDY,リプトン コールドブリュー アールグレイ ティーバッグ 1袋(12パック入) ×3袋,リプトン,とらやとら,2020年4月21日,5.0,ルイボス＆白桃の爽やかコラボ,「水出し」といってもいくつかタイプがあって，お湯の代わりに水を注いですぐ飲めるものや水を入れたボトルに漬けておいて，ゆっくり淹れるものなど様々です。こちらの商品は前者のタイプで，一般的なティーバッグと同じように使用できます。カップにパックを一つ入れ，冷水を注いで３分間ほどで飲めます。味も結構本格的で，ピーチの香りがはっきり感じられます。手軽なのに本格的でおすすめです。
58,B07P8SRBDY,リプトン コールドブリュー アールグレイ ティーバッグ 1袋(12パック入) ×3袋,リプトン,atom,2020年4月5日,5.0,フルーティ,あのリプトンから出ているのだから基本的には紅茶だろう・・・と思っていたら、これは緑茶。だいぶ紅茶風というか果実の甘い香りがして、いかにも紅茶風の香りだけど、味は緑茶。水でも大丈夫だし、冷たく飲む方があっている。けど時間をかけて出した方が美味しく飲める。せっかちに水を入れてさっと飲むのではなく、３分くらいじっくりと置いておくと緑茶の味もしっかりと楽しめる。ちょっと風変わりな味わいと香りの組合わせだけど、これまたけっこうイケる。夏にサッパリと飲むには丁度良さそうな感じ。
59,B07P8SRBDY,リプトン コールドブリュー アールグレイ ティーバッグ 1袋(12パック入) ×3袋,リプトン,Y,2020年4月3日,4.0,簡単，おいしい,ルイボス&ホワイトピーチティーのレビューです。ティーバッグからもピーチの香りが広がっていて袋から出した時から心地よい香り。ティーの苦味、渋みは感じずさっぱりスッキリした味わいです。水に入れてそのまま飲んでも美味しいのですがお好みで何か果汁を加えて飲むといっそう味に深みが出ます。お好みで色々な味が楽しめるティーです。
60,B07P8SRBDY,リプトン コールドブリュー アールグレイ ティーバッグ 1袋(12パック入) ×3袋,リプトン,BronzeRat,2020年4月6日,5.0,緑茶風の紅茶ではなく、紅茶風の緑茶,フルーツティーを飲む場合、昔はティーポットで入れていたり、ボトルに入れて半日待つとかしていましたが、常温の水にティーバックで３分で作れるとはいい時代になったものです。私の場合、シーズンを問わずアイスティーを飲みますし、糖分入りのストレートではなく、無糖のフルーツフレーバーが好みです。味わいもインスタントとしては十分及第点です。マグボトルとセットで携帯できるので、大活躍しています。
61,B07P8SRBDY,リプトン コールドブリュー アールグレイ ティーバッグ 1袋(12パック入) ×3袋,リプトン,shimaris,2020年4月2日,4.0,ほんのりスッキリピーチ味,水出しでどの程度ちゃんとしたお茶が出来上がるのかと半信半疑ではありましたが、実際に作ってみるとかなりしっかりとした味わいのお茶が出来上がったのに先ずは驚きました。また、出来上がったお茶そのものも、飲む前に顔を近付けただけでピーチの香りが広がるのが心地良いです。ただ、飲んでもフレーバーティーとして美味しいのですが、余りルイボスティーの感じはしない気がします。
62,B07P8SRBDY,リプトン コールドブリュー アールグレイ ティーバッグ 1袋(12パック入) ×3袋,リプトン,拳を握って立つ女,2020年4月18日,5.0,常温３分ってすごい,本当に茶葉から水出しできるのか半信半疑でしたが，しっかり味がでます．コップに水を入れてからこれをポンっとしておけば，3分後には惜しいアイスティーができあがります．味はリプトンらしく，普通に美味しいです．外回りで汗をかいて帰宅した後に飲むとすごく癒やされます．ちなみに，興味本位でお湯も使ってみたところ，かなり濃い味になりました．がっつり集中したいときにはこれも良いかもしれません．
63,B07P8SRBDY,リプトン コールドブリュー アールグレイ ティーバッグ 1袋(12パック入) ×3袋,リプトン,カエルピョコ,2020年8月12日,3.0,水出しでもしっかりとした仕上がりで、ピーチの香りが心地いい,普通の紅茶に飽きてきた時にたまに飲むには良いかなと思います。水出しなので前の晩にポットに入れて冷蔵庫にしまえば翌朝にはできているので手間はありません。来客がある際に出すお茶としてはオシャレな感じで良いかもしれません。我が家では普段はシンプルなアールグレイを水出しして麦茶感覚で飲んでいますが、たまにこちらに入れ替えて時々楽しむという感じです。フレーバーティーというのは好みが分かれるのかな。。。
64,B07P8SRBDY,リプトン コールドブリュー アールグレイ ティーバッグ 1袋(12パック入) ×3袋,リプトン,da-silva,2020年5月4日,4.0,簡単に水出しアイスティーが出来上がり！,アイスティーなのにこの形のティーバックはあまり試したことがなかったので新鮮に感じました。いつもお砂糖を少し足す派なのですが、これは香りがすごいピーチティーで甘いのでお砂糖を足さなくてもじゅうぶんおいしく飲めてとても良かったです。ルイボス感が思ってたよりも少ない印象ですが、とてもさっぱり飲みやすいです。ミルクを入れてもおいしく飲めました！
65,B07P8SRBDY,リプトン コールドブリュー アールグレイ ティーバッグ 1袋(12パック入) ×3袋,リプトン,つばめ,2020年4月3日,2.0,飲みやすい,残念です。リプトンなのでおいしい紅茶かなんかだと勘違いしてしまいますね。しかもピーチ＆オレンジだなんて。オリジナルティーバックのあの香りは望めません。水出し３分なのは便利ですが、淹れて香るのは香料の香り。非常に残念でした。
66,B07P8SRBDY,リプトン コールドブリュー アールグレイ ティーバッグ 1袋(12パック入) ×3袋,リプトン,h0n8m14,2021年5月3日,4.0,ルイボス&ホワイトピーチティー,冷えてなくてもミントのおかげかひんやり感があります。苺の味もちゃんとします。リプトンコールドブリューの中で一番好きです。また買います。
67,B07P8SRBDY,リプトン コールドブリュー アールグレイ ティーバッグ 1袋(12パック入) ×3袋,リプトン,sonojordan,2020年4月20日,3.0,緑茶に抹茶に香料,ルイボス＆ピーチティーのレビューです。まず280ml、常温の水に3分浸けて飲む…。やや薄い感じです。水であれば、最低10分程は浸けていないと香りも味も薄い気がする。早く飲みたいならお湯で、一時間程浸けて置けるならば冷水のまま冷蔵庫で抽出するのが良いかと。すっきりした味なので、リラックスしたい時に飲みたいハーブティーです。
68,B07P8SRBDY,リプトン コールドブリュー アールグレイ ティーバッグ 1袋(12パック入) ×3袋,リプトン,milk tea,2020年4月25日,4.0,美味しいです,水出しの簡単アイスティー。常温の水で３分で簡単抽出。それに氷いれればアイスティーの出来上がり。簡単です。香料のピーチがほのかに香ります。ルイボスのさっぱり感がいいですね。値段も１杯３０円程度でお安くアイスティーが楽しめます。今の時期、家で気分変えるいい方法かも。
69,B07P8SRBDY,リプトン コールドブリュー アールグレイ ティーバッグ 1袋(12パック入) ×3袋,リプトン,KT,2021年6月13日,1.0,手軽なハーブティー,リプトンと好きな緑茶のコラボと思って買ってみました。どうにもこうにも、ダメ。気持ち悪くなって、飲めませんでした。残念。
70,B07P8SRBDY,リプトン コールドブリュー アールグレイ ティーバッグ 1袋(12パック入) ×3袋,リプトン,ろろ,2020年4月9日,4.0,簡単アイスティー,やさしく甘い香りがほのかに香ってとてもいい感じです。味の方もおいしく気に入っています。心がほっとしますし、簡単においしい紅茶が飲めて何よりですね。お値段もリーズナブルで納得です。紅茶は、毎日飲んでいるので、レパートリーに本品を加えてもいいのかもしれません。
71,B07P8SRBDY,リプトン コールドブリュー アールグレイ ティーバッグ 1袋(12パック入) ×3袋,リプトン,kircheis,2020年5月6日,4.0,駄目だった,水だし用のパックで冷えたものが欲しくなるこれからに良いと思います。味は爽快系のフレイバーです。ティーバッグだとお湯で入れたくなるのですが、熱湯注いで飲んでも、爽やかな香りが広がって、気持ちが落ち着くようです。熱くして飲んでも良いと思いました。
72,B07P8SRBDY,リプトン コールドブリュー アールグレイ ティーバッグ 1袋(12パック入) ×3袋,リプトン,BOSS_T,2020年4月12日,5.0,水出しでもしっかり美味しい,冷たい水にティーバッグを放り込んでいっとき漬け込んどくだけで、すごく美味しいピーチ＆オレンジティーができあがるのですごく重宝しています。グリーンティーの苦味が効いていてとてもさっぱりです。しっかりとフルーツの味が効いているのに、ゼロキロカロリーなのは嬉しいですね。
73,B07P8SRBDY,リプトン コールドブリュー アールグレイ ティーバッグ 1袋(12パック入) ×3袋,リプトン,せんとくん,2020年4月9日,5.0,思った以上に便利,何より水出しは簡単で良いですね。味も全く問題なく美味い。コスパも良い気がします。個人的にキーコーヒーとリプトンて同じ会社なの？？とか。。。
74,B07P8SRBDY,リプトン コールドブリュー アールグレイ ティーバッグ 1袋(12パック入) ×3袋,リプトン,Anazom カスタマ一,2020年4月8日,5.0,すごく美味しいのにゼロキロカロリー,今までアイスティーを作るにはお湯を沸かす必要がありましたが、これは水から出せる点がすごく便利です。一杯ごとに煎れられる点も良いと思います。ルイボスティーと紅茶のブレンドで味もさわやか。暑くなってくると重宝すると思います。
75,B07P8SRBDY,リプトン コールドブリュー アールグレイ ティーバッグ 1袋(12パック入) ×3袋,リプトン,shigres,2020年4月13日,5.0,水出しは楽！,とってもサッパリとした飲み心地です乾いた喉を美味しく潤してくれますグリーンティなのにフルーティなので不思議な感じです時間が経過しても変な渋味はありません水出しなので手間いらず！汗をかく季節、ゴクゴク飲みたいお茶です
76,B07P8SRBDY,リプトン コールドブリュー アールグレイ ティーバッグ 1袋(12パック入) ×3袋,リプトン,みたか,2020年5月30日,3.0,お湯を沸かさずにアイスティーが作れる,たっぷりの茶葉が入っていて、すぐに水出しされるし、リッチな気分になります。ですが、パッケージのホワイトピーチの風味がほのかすぎて、飲みきるころにはすっかりただのルイボスティーだと認識していました。
77,B07P8SRBDY,リプトン コールドブリュー アールグレイ ティーバッグ 1袋(12パック入) ×3袋,リプトン,酢花ﾟ,2020年4月12日,5.0,グリーンティだけどフルーティ,三角のパックティです。ルイボスのほろ苦い甘みとピーチの爽やかさもあり、とても美味しく頂けました。これだけで飲んでも美味しいですが、甘味と一緒に飲んでもいいですね。ちょっとした、午後のひとときに飲んでいます。
78,B07P8SRBDY,リプトン コールドブリュー アールグレイ ティーバッグ 1袋(12パック入) ×3袋,リプトン,sorano,2020年4月10日,4.0,あまりピーチの香りは感じませんでした,水出しならではの茶葉の素直な美味しさが伝わるピラミッド型ティーバッグです。手軽に作れて、スッキリ美味しい茶葉です。我が家では2パックほど冷蔵庫のピッチャーに水と入れて置き、食事時にも楽しんでいます。
79,B07P8SRBDY,リプトン コールドブリュー アールグレイ ティーバッグ 1袋(12パック入) ×3袋,リプトン,ユングドライアン,2020年4月19日,4.0,美味しい,これからの季節に、さっぱりと飲めそうな味です。ピーチの香りがしますが、甘ったるくなく、油っぽい食事にも合います。水出しで簡単に作れるのも良いです。水では味気ない時に便利です。
80,B07P8SRBDY,リプトン コールドブリュー アールグレイ ティーバッグ 1袋(12パック入) ×3袋,リプトン,Amazon Customer,2020年6月1日,4.0,さっと飲めるアイスティー,水280mlで作る指示になっていますが、薄めに感じたので180mlくらいで作って飲んでいます。水出しなので手軽に飲めて、雑味がなくすっきり爽やかなのが気に入っています。
81,B07P8SRBDY,リプトン コールドブリュー アールグレイ ティーバッグ 1袋(12パック入) ×3袋,リプトン,ぷらうる,2020年4月7日,5.0,袋の耐久性に難あり,緑茶ですが、桃などのフルーツの香りと味がして、緑の紅茶を飲むようなと言うと、通じるかな？不思議なおしゃに仕上がってます。さすが、紅茶の老舗。
82,B07P8SRBDY,リプトン コールドブリュー アールグレイ ティーバッグ 1袋(12パック入) ×3袋,リプトン,sansui,2020年6月17日,3.0,濃い目がおいしい,グリーンテイー強めで、でもフルーツの味もしっかりします。水出しで濃く味も出て美味しかったし飲みやすかったです。
83,B07P8SRBDY,リプトン コールドブリュー アールグレイ ティーバッグ 1袋(12パック入) ×3袋,リプトン,Vision,2020年4月2日,5.0,緑茶ですが,そもそもアップルティーとかが好きなら断然おすすめ。しかも水出し３分。（実際はもうすこしかかる）リラックスできます。
84,B07P8SRBDY,リプトン コールドブリュー アールグレイ ティーバッグ 1袋(12パック入) ×3袋,リプトン,さくら626,2020年5月3日,3.0,美味しかったです,ビーチとオレンジのいい香りがします。手軽に作れるのがいいですね。ただ、味はちょっと薄いですかね。もっと濃くてもいいと思います。
85,B07P8SRBDY,リプトン コールドブリュー アールグレイ ティーバッグ 1袋(12パック入) ×3袋,リプトン,taro,2020年4月29日,5.0,ほのかなピーチがよい,水出しで簡単にフルーティなお茶を飲むことが出来るので重宝しています。ポットに入れて外出時にも飲んでいます。さっぱりして美味です。
86,B07P8SRBDY,リプトン コールドブリュー アールグレイ ティーバッグ 1袋(12パック入) ×3袋,リプトン,まなしお,2020年4月7日,3.0,ピーチとオレンジのいい香りがします,サッパリした味かと思いきや微妙な味でした。口の中に渋味が残って砂糖やハチミツ入れたら軽減されるかな。
87,B07P8SRBDY,リプトン コールドブリュー アールグレイ ティーバッグ 1袋(12パック入) ×3袋,リプトン,アマゾンマン,2020年6月21日,4.0,手軽に飲めます,わずか数分で簡単にお茶ができて、しかも、すっきりとしていて美味しい。夏は冷蔵庫につくったお茶を常備したい。
88,B07P8SRBDY,リプトン コールドブリュー アールグレイ ティーバッグ 1袋(12パック入) ×3袋,リプトン,ts,2020年4月10日,5.0,スッキリしていて美味しい,水出し3分で、本格的なティーが入れられます。淡いピーチの味が紅茶によく合いますね。
89,B07P8SRBDY,リプトン コールドブリュー アールグレイ ティーバッグ 1袋(12パック入) ×3袋,リプトン,もっそっそ,2020年4月20日,3.0,渋味が無い。,職場で手軽に作れて美味しい。良いですよ
90,B07P8SRBDY,リプトン コールドブリュー アールグレイ ティーバッグ 1袋(12パック入) ×3袋,リプトン,manna,2021年6月6日,5.0,水出し3分,とっても美味しかったです。これからの季節にはとても助かります。直ぐに出るので冷たく冷えた水がさえあれば、早く飲めるので便利ですが、入れっぱなしで忘れると味が変わってしまいます。
91,B07P8SRBDY,リプトン コールドブリュー アールグレイ ティーバッグ 1袋(12パック入) ×3袋,リプトン,Sum_quod_eris,2021年5月16日,5.0,手軽に、美味しい,孫が好きなので、毎回買っています。
92,B07P8SRBDY,リプトン コールドブリュー アールグレイ ティーバッグ 1袋(12パック入) ×3袋,リプトン,コジコジ,2021年5月7日,5.0,早く出るので直ぐに飲めます。,グラスやカップ用です。水を入れて３分位で飲めます。香りもきつすぎません。店頭よりもセールで安く買えて助かりました。
93,B07P8SRBDY,リプトン コールドブリュー アールグレイ ティーバッグ 1袋(12パック入) ×3袋,リプトン,ぼけじいさん,2020年4月11日,5.0,何度も買っています。,渋みも少なくとても飲みやすい。フルーティでとても美味しいですね。ちゃんとピーチとオレンジの風味もあり大好きな味です。あっという間に出来上がるので、今作ったばかりでまだ出てない〜なんてことはなくすぐ飲めますよ。ちょっとオシャレなグリーンティという感じでとても好みです。朝、水筒にティーバックを入れてすぐ持っていけて便利です。前の日に作っておかなくても大丈夫。ピラミッド型のティーバックは茶葉がよく出ていいですね。
94,B07P8SRBDY,リプトン コールドブリュー アールグレイ ティーバッグ 1袋(12パック入) ×3袋,リプトン,めい,2020年4月2日,4.0,香りもきつ過ぎません。,グリーンティーのレビューです。安心安全のいつものリプトンティー。色味も良く透明ガラスのティーカップで映えます。味は比較的薄口で果汁系が後から来るかんじです。水出しで仕上がるので朝の忙しい時間でも大丈夫。水筒とミネラルウォーターがあれば出先でもサッと作れますので水筒持って出歩く人にオススメです。
95,B07P8SRBDY,リプトン コールドブリュー アールグレイ ティーバッグ 1袋(12パック入) ×3袋,リプトン,ムトゥ,2021年11月22日,5.0,渋みも少なくとても美味しい。,簡単だし､めちゃ美味いです😋
